{
  "type": "matching",
  "reviewText": "",
  "introText": "Repeat the same progression and memorize it! Get ready to repeat without the notation.",
  "keySignature": "",
  "key": "jC_",
  "chord": [
    {"visible":[47,67,74,77],"hidden":[]},
    {"visible":[48,67,72,76],"hidden":[]}
  ],
  "analysis": {
    "enabled": true,
    "mode": {
      "note_names": false,
      "scale_degrees": false,
      "solfege": false,
      "roman_numerals": true,
      "intervals": false
    }
  },
  "highlight": {
    "enabled": false,
    "mode": {
      "roothighlight": true,
      "tritonehighlight": false
    }
  }
}
