{
  "type": "matching",
  "reviewText": "",
  "introText": "Match the outer parts; from memory, complete the inner parts with the right hand.",
  "keySignature": "",
  "key": "jC_",
  "chord": [
    {"visible":[47,77],"hidden":[74,67]},
    {"visible":[48,76],"hidden":[72,67]}
  ],
  "analysis": {
    "enabled": true,
    "mode": {
      "note_names": false,
      "scale_degrees": false,
      "solfege": false,
      "roman_numerals": true,
      "intervals": false
    }
  },
  "highlight": {
    "enabled": false,
    "mode": {
      "roothighlight": true,
      "tritonehighlight": false
    }
  }
}
