{
  "type": "matching",
  "reviewText": "",
  "introText": "Transpose the progression up by major second, to D major.",
  "keySignature": "##",
  "key": "jD_",
  "chord": [
    {"visible":[49,79],"hidden":[76,69]},
    {"visible":[50,78],"hidden":[74,69]}
  ],
  "analysis": {
    "enabled": true,
    "mode": {
      "note_names": false,
      "scale_degrees": false,
      "solfege": false,
      "roman_numerals": true,
      "intervals": false
    }
  },
  "highlight": {
    "enabled": false,
    "mode": {
      "roothighlight": true,
      "tritonehighlight": false
    }
  }
}
