{
  "type": "matching",
  "reviewText": "",
  "introText": "Translate the progression to D minor.",
  "keySignature": "b",
  "key": "iD_",
  "chord": [
    {"visible":[49,69,76,79],"hidden":[]},
    {"visible":[],"hidden":[77,74,69,50]}
  ],
  "analysis": {
    "enabled": true,
    "mode": {
      "note_names": false,
      "scale_degrees": false,
      "solfege": false,
      "roman_numerals": true,
      "intervals": false
    }
  },
  "highlight": {
    "enabled": false,
    "mode": {
      "roothighlight": true,
      "tritonehighlight": false
    }
  }
}
