{
  "type": "matching",
  "reviewText": "",
  "introText": "Preserving the same structure in each hand, complete the progression in the key shown.",
  "keySignature": "#",
  "key": "jG_",
  "chord": [
    {"visible":[54,62,69,72],"hidden":[]},
    {"visible":[],"hidden":[71,67,62,55]}
  ],
  "analysis": {
    "enabled": true,
    "mode": {
      "note_names": false,
      "scale_degrees": false,
      "solfege": false,
      "roman_numerals": true,
      "intervals": false
    }
  },
  "highlight": {
    "enabled": false,
    "mode": {
      "roothighlight": true,
      "tritonehighlight": false
    }
  }
}
