{
  "type": "matching",
  "reviewText": "",
  "introText": "Match this third and final configuration of V6/5. Here, the common tone features in the soprano part.",
  "keySignature": "",
  "key": "jC_",
  "chord": [
    {"visible":[47,62,65,67],"hidden":[]},
    {"visible":[48,60,64,67],"hidden":[]}
  ],
  "analysis": {
    "enabled": true,
    "mode": {
      "note_names": false,
      "scale_degrees": false,
      "solfege": false,
      "roman_numerals": true,
      "intervals": false
    }
  },
  "highlight": {
    "enabled": false,
    "mode": {
      "roothighlight": true,
      "tritonehighlight": false
    }
  }
}
