{
  "type": "matching",
  "reviewText": "",
  "introText": "Complete the progression in the specified key. Match the given soprano and bass parts, and add alto and tenor parts with the right hand.",
  "keySignature": "##",
  "key": "jD_",
  "chord": [
    {"visible":[49,69],"hidden":[67,64]},
    {"visible":[50,69],"hidden":[66,62]}
  ],
  "analysis": {
    "enabled": true,
    "mode": {
      "note_names": false,
      "scale_degrees": false,
      "solfege": false,
      "roman_numerals": true,
      "intervals": false
    }
  },
  "highlight": {
    "enabled": false,
    "mode": {
      "roothighlight": true,
      "tritonehighlight": false
    }
  }
}
