{
  "type": "matching",
  "reviewText": "",
  "introText": "Complete the progression in the specified key. Match the given soprano and bass parts, and add alto and tenor parts with the right hand.",
  "keySignature": "####",
  "key": "jE_",
  "chord": [
    {"visible":[51,71],"hidden":[69,66]},
    {"visible":[52,71],"hidden":[68,64]}
  ],
  "analysis": {
    "enabled": true,
    "mode": {
      "note_names": false,
      "scale_degrees": false,
      "solfege": false,
      "roman_numerals": true,
      "intervals": false
    }
  },
  "highlight": {
    "enabled": false,
    "mode": {
      "roothighlight": true,
      "tritonehighlight": false
    }
  }
}
