{
  "type": "matching",
  "reviewText": "",
  "introText": "Complete the progression in the specified key. Match the given soprano and bass parts, and add alto and tenor parts with the right hand.",
  "keySignature": "b",
  "key": "iD_",
  "chord": [
    {"visible":[61,76],"hidden":[69,67]},
    {"visible":[62,74],"hidden":[69,65]}
  ],
  "analysis": {
    "enabled": true,
    "mode": {
      "note_names": false,
      "scale_degrees": false,
      "solfege": false,
      "roman_numerals": true,
      "intervals": false
    }
  },
  "highlight": {
    "enabled": false,
    "mode": {
      "roothighlight": true,
      "tritonehighlight": false
    }
  }
}
