{
  "type": "matching",
  "introText": "Complete the four-part progression with the simplest correct voice leading, according to the Roman-numeral analysis.",
  "key": "jC_",
  "keySignature": "",
  "chord": [
    {"visible":[48,67,72,76],"hidden":[]},
    {"visible":[45],"hidden":[76,72,69]},
    {"visible":[41],"hidden":[77,72,69]},
    {"visible":[43],"hidden":[74,71,67]},
    {"visible":[36,67,72,76],"hidden":[]}
  ],
  "review": "Well done! Take a moment to memorize this.",
  "analysis": {
    "enabled": true,
    "mode": {
      "note_names": false,
      "scientific_pitch": false,
      "scale_degrees": false,
      "solfege": false,
      "roman_numerals": true,
      "intervals": false
    }
  },
  "highlight": {
    "enabled": true,
    "mode": {
      "roothighlight": true,
      "tritonehighlight": false
    }
  }
}
