{
  "type": "matching",
  "introText": "To complete the same three-part drill in F major, add to the visible bass and alto parts a soprano part which harmonizes the bass in parallel tenths.",
  "keySignature": "b",
  "key": "jF_",
  "chord": [
    {"visible":[58,65],"hidden":[74]},
    {"visible":[57,65],"hidden":[72]},
    {"visible":[55,64],"hidden":[70]},
    {"visible":[53,65],"hidden":[69]}
  ],
  "review": "",
  "analysis": {
    "enabled": true,
    "mode": {
      "note_names": false,
      "scientific_pitch": false,
      "scale_degrees": false,
      "solfege": false,
      "roman_numerals": true,
      "intervals": false
    }
  },
  "highlight": {
    "enabled": true,
    "mode": {
      "roothighlight": false,
      "tritonehighlight": false
    }
  }
}
