{
  "type": "matching",
  "introText": "Complete the same three-part drill once more, now in A minor, by adding to the visible bass and soprano parts an alto part which uses the keynote and leading-tone only.",
  "keySignature": "",
  "key": "iA_",
  "chord": [
    {"visible":[50,77],"hidden":[69]},
    {"visible":[48,76],"hidden":[69]},
    {"visible":[47,74],"hidden":[68]},
    {"visible":[45,72],"hidden":[69]}
  ],
  "review": "",
  "analysis": {
    "enabled": true,
    "mode": {
      "note_names": false,
      "scientific_pitch": false,
      "scale_degrees": false,
      "solfege": false,
      "roman_numerals": true,
      "intervals": false
    }
  },
  "highlight": {
    "enabled": true,
    "mode": {
      "roothighlight": false,
      "tritonehighlight": false
    }
  }
}
