{
  "type": "matching",
  "introText": "Resolve the French sixth chord.",
  "keySignature": "bbb",
  "key": "iC_",
  "chord": [
    {"visible":[56,72,74,78],"hidden":[]},
    {"visible":[],"hidden":[79,74,71,55]}
  ],
  "review": "",
  "analysis": {
    "enabled": true,
    "mode": {
      "note_names": false,
      "scientific_pitch": false,
      "scale_degrees": false,
      "solfege": false,
      "roman_numerals": true,
      "intervals": false
    }
  },
  "highlight": {
    "enabled": true,
    "mode": {
      "roothighlight": false,
      "tritonehighlight": false
    }
  }
}
