{
  "type": "matching",
  "introText": "Resolve the German sixth chord by way of a six-four chord.",
  "keySignature": "bbb",
  "key": "iC_",
  "chord": [
    {"visible":[56,72,75,78],"hidden":[]},
    {"visible":[],"hidden":[79,75,72,55]},
    {"visible":[],"hidden":[79,74,71,55]}
  ],
  "review": "",
  "analysis": {
    "enabled": true,
    "mode": {
      "note_names": false,
      "scientific_pitch": false,
      "scale_degrees": false,
      "solfege": false,
      "roman_numerals": true,
      "intervals": false
    }
  },
  "highlight": {
    "enabled": true,
    "mode": {
      "roothighlight": false,
      "tritonehighlight": false
    }
  }
}
