{
  "type": "matching",
  "introText": "Resolve the Neapolitan sixth chord according to the Roman-numeral analysis.",
  "keySignature": "bbb",
  "key": "iC_",
  "chord": [
    {"visible":[53,65,68,73],"hidden":[]},
    {"visible":[],"hidden":[71,67,65,55]},
    {"visible":[48],"hidden":[72,67,63]}
  ],
  "review": "",
  "analysis": {
    "enabled": true,
    "mode": {
      "note_names": false,
      "scientific_pitch": false,
      "scale_degrees": false,
      "solfege": false,
      "roman_numerals": true,
      "intervals": false
    }
  },
  "highlight": {
    "enabled": true,
    "mode": {
      "roothighlight": true,
      "tritonehighlight": false
    }
  }
}
