{
  "type": "matching",
  "introText": "Now match this three-part realization. Memorize the upper parts!",
  "keySignature": "",
  "key": "jC_",
  "chord": [
    {"visible":[52,67,72],"hidden":[]},
    {"visible":[53,62,72],"hidden":[]},
    {"visible":[55,62,71],"hidden":[]},
    {"visible":[48,64,72],"hidden":[]}
  ],
  "review": "",
  "analysis": {
    "enabled": true,
    "mode": {
      "note_names": false,
      "scientific_pitch": false,
      "scale_degrees": false,
      "solfege": false,
      "roman_numerals": true,
      "intervals": false
    }
  },
  "highlight": {
    "enabled": true,
    "mode": {
      "roothighlight": false,
      "tritonehighlight": false
    }
  }
}
