{
  "type": "matching",
  "introText": "Can you repeat the progression you just played? Notice the root of each chord, now highlighted in red.",
  "keySignature": "",
  "key": "jC_",
  "chord": [
    {"visible":[52,67,72],"hidden":[]},
    {"visible":[],"hidden":[72,62,53]},
    {"visible":[],"hidden":[71,62,55]},
    {"visible":[],"hidden":[72,64,48]}
  ],
  "review": "",
  "analysis": {
    "enabled": true,
    "mode": {
      "note_names": false,
      "scientific_pitch": false,
      "scale_degrees": false,
      "solfege": false,
      "roman_numerals": true,
      "intervals": false
    }
  },
  "highlight": {
    "enabled": true,
    "mode": {
      "roothighlight": true,
      "tritonehighlight": false
    }
  }
}
