{
  "type": "matching",
  "introText": "Now repeat the progression in D major, transposing up a major second.",
  "keySignature": "b",
  "key": "iD_",
  "chord": [
    {"visible":[54,69,74],"hidden":[]},
    {"visible":[],"hidden":[74,64,55]},
    {"visible":[],"hidden":[73,64,57]},
    {"visible":[],"hidden":[74,66,50]}
  ],
  "review": "",
  "analysis": {
    "enabled": true,
    "mode": {
      "note_names": false,
      "scientific_pitch": false,
      "scale_degrees": false,
      "solfege": false,
      "roman_numerals": true,
      "intervals": false
    }
  },
  "highlight": {
    "enabled": true,
    "mode": {
      "roothighlight": true,
      "tritonehighlight": false
    }
  }
}
