{
  "type": "matching",
  "introText": "How does the same progression sound in the parallel minor, D minor? The Roman numeral analysis will help.",
  "keySignature": "b",
  "key": "iD_",
  "chord": [
    {"visible":[74],"hidden":[69,53]},
    {"visible":[74],"hidden":[64,55]},
    {"visible":[73],"hidden":[64,57]},
    {"visible":[74],"hidden":[65,50]}
  ],
  "review": "",
  "analysis": {
    "enabled": true,
    "mode": {
      "note_names": false,
      "scientific_pitch": false,
      "scale_degrees": false,
      "solfege": false,
      "roman_numerals": true,
      "intervals": false
    }
  },
  "highlight": {
    "enabled": true,
    "mode": {
      "roothighlight": true,
      "tritonehighlight": false
    }
  }
}
