{
  "type": "matching",
  "introText": "Keeping the bass and alto parts where they were, take the soprano part down an octave to the tenor register.",
  "keySignature": "##",
  "key": "jD_",
  "chord": [
    {"visible":[],"hidden":[69,62,53]},
    {"visible":[],"hidden":[64,62,55]},
    {"visible":[],"hidden":[64,61,57]},
    {"visible":[],"hidden":[65,62,50]}
  ],
  "review": "",
  "analysis": {
    "enabled": true,
    "mode": {
      "note_names": false,
      "scientific_pitch": false,
      "scale_degrees": false,
      "solfege": false,
      "roman_numerals": true,
      "intervals": false
    }
  },
  "highlight": {
    "enabled": true,
    "mode": {
      "roothighlight": true,
      "tritonehighlight": false
    }
  }
}
