{
  "type": "matching",
  "introText": "The same cadence in four parts, now in A minor. Memorize this also!",
  "keySignature": "",
  "key": "iA_",
  "chord": [
    {"visible":[48,72,76,81],"hidden":[]},
    {"visible":[50,71,77,81],"hidden":[]},
    {"visible":[52,71,76,80],"hidden":[]},
    {"visible":[45,72,76,81],"hidden":[]}
  ],
  "review": "",
  "analysis": {
    "enabled": true,
    "mode": {
      "note_names": false,
      "scientific_pitch": false,
      "scale_degrees": false,
      "solfege": false,
      "roman_numerals": true,
      "intervals": false
    }
  },
  "highlight": {
    "enabled": true,
    "mode": {
      "roothighlight": true,
      "tritonehighlight": false
    }
  }
}
