{
  "type": "matching",
  "introText": "Play the same four-part progression in F major from the given starting position.",
  "keySignature": "b",
  "key": "jF_",
  "chord": [
    {"visible":[45,69,72,77],"hidden":[]},
    {"visible":[],"hidden":[77,74,67,46]},
    {"visible":[],"hidden":[76,72,67,48]},
    {"visible":[],"hidden":[77,72,69,41]}
  ],
  "review": "",
  "analysis": {
    "enabled": true,
    "mode": {
      "note_names": false,
      "scientific_pitch": false,
      "scale_degrees": false,
      "solfege": false,
      "roman_numerals": true,
      "intervals": false
    }
  },
  "highlight": {
    "enabled": true,
    "mode": {
      "roothighlight": true,
      "tritonehighlight": false
    }
  }
}
