{
  "type": "matching",
  "introText": "Complete the descending major scale.",
  "keySignature": "#####",
  "key": "jB_",
  "chord": [
    {"visible":[59],"hidden":[]},
    {"visible":[],"hidden":[58]},
    {"visible":[],"hidden":[56]},
    {"visible":[],"hidden":[54]},
    {"visible":[],"hidden":[52]},
    {"visible":[],"hidden":[51]},
    {"visible":[],"hidden":[49]},
    {"visible":[],"hidden":[47]}
  ],
  "review": "",
  "analysis": {
    "enabled": true,
    "mode": {
      "note_names": false,
      "scientific_pitch": false,
      "scale_degrees": true,
      "solfege": false,
      "roman_numerals": false,
      "intervals": false
    }
  },
  "highlight": {
    "enabled": true,
    "mode": {
      "roothighlight": false,
      "tritonehighlight": false
    }
  }
}
