{
  "type": "matching",
  "introText": "Complete the ascending melodic minor scale.",
  "keySignature": "bbbb",
  "key": "iF_",
  "chord": [
    {"visible":[65],"hidden":[]},
    {"visible":[],"hidden":[67]},
    {"visible":[],"hidden":[68]},
    {"visible":[],"hidden":[70]},
    {"visible":[],"hidden":[72]},
    {"visible":[],"hidden":[74]},
    {"visible":[],"hidden":[76]},
    {"visible":[],"hidden":[77]}
  ],
  "review": "",
  "analysis": {
    "enabled": true,
    "mode": {
      "note_names": false,
      "scientific_pitch": false,
      "scale_degrees": false,
      "solfege": true,
      "roman_numerals": false,
      "intervals": false
    }
  },
  "highlight": {
    "enabled": true,
    "mode": {
      "roothighlight": false,
      "tritonehighlight": false
    }
  }
}
